Venue ID,Venue CreatedAt
4ab153d4f964a520066920e3,1253135316
4ad4c05ff964a52013f720e3,1255456863
4ad4c060f964a5205cf720e3,1255456864
4ad4c060f964a5205cf720e3,1255456864
4ad4c060f964a5205cf720e3,1255456864
4ad4c060f964a5205cf720e3,1255456864
4ad4c060f964a5205cf720e3,1255456864
4ad4c060f964a5207ff720e3,1255456864
4ad4c060f964a5207ff720e3,1255456864
4ad4c060f964a52082f720e3,1255456864
4c0150f4716bc9b65b9dbb55,1275154676
4ae33054f964a520759121e3,1256403028
55df3345498e28c71648d892,1440691013
57eebf4b498e72ef33fd6211,1475264331
4db2f9fd6e8179a9135e5b45,1303575037
5b3aa3ec029a55002c3f0338,1530569708
4c2631d5f1272d7fed1086c5,1277571541
4fca3e11e4b026db02a66844,1338654225
4e0ceeb8fa76d62f443a1fc8,1309470392
4b5c8b88f964a520b33529e3,1264356232
4adde653f964a5202d6621e3,1256056403
51bcbfe6498ed21d532fdbf0,1371324390
4c681572f7a80f47672fa27a,1281889650
5345f39a498e016dd2d7ebf2,1397093274
50a6f54be4b0fc9bb9057660,1353119051
4b0ec556f964a520c95a23e3,1259259222
4efb832b77161596a7dfe8ab,1325105963
58e91d60e0adac258fcea481,1491672416
4aea2b14f964a520ebb921e3,1256860436
4afb1ff7f964a5205b1b22e3,1257971703
4adf80b9f964a5202f7b21e3,1256161465
4b588e29f964a520c35d28e3,1264094761
4b78a5a0f964a520d1db2ee3,1266197920
57db68bf498e56d5241817c9,1473996991
4fb00d0ce4b021a2c0a0b62a,1336937740
4e95cb3930f82cbde9ed2407,1318439737
4e66a12da809802674fde6c3,1315348781
4c659863e1da1b8d1ca698c3,1281726563
59cbd1780d2be74d9ee1c1a8,1506529656
4e95cb3930f82cbde9ed2407,1318439737
4e9cc36f29c2195502148fe2,1318896495
4c5e732385a1e21e20605c11,1281258275
5c9a5f1f234724002c96017e,1553620767
52e81835498e2db76bd92837,1390942261
5ad0fc0f3b830762969f9794,1523645455
4eee4298722ea776189df214,1324237464
4bb4e43b86a8d13ab40ddf7f,1270146107
4b69b9acf964a5202fb02be3,1265220012
4b7b268cf964a52061542fe3,1266361996
50709dc5e4b0e0df92ac8347,1349557701
53c1d5dc498e27a169c548a9,1405212124
4c85aa5bee6fef3b1d1d3e5c,1283828315
4ae38f3ff964a520ab9621e3,1256427327
53449e26498e6ea4fd0c867b,1397005862
4d7a6212e8b7a1cdb919971f,1299866130
4b88188ff964a5207bdf31e3,1267210383
5cdbf770e679bc002c2378a2,1557919600
4cc8798ab3f5224b6d39ef20,1288206730
4c17c23a6a21c9b6b901c897,1276625466
4c14fee382a3c9b63009fef8,1276444387
4dc718cc45dd2645529a45f2,1304893644
53bd9f52498e6187cb7c185a,1404936018
4c6dc4f86af58cfa438e8a17,1282262264
4e9cd98461af4feab5faf558,1318902148
50df3eaae4b092e9a0ce4bd3,1356807850
4f41b208e4b08a9e0bdd2a15,1329705480
59c5a96da6fe4d6cb88debe2,1506126189
4c4b5d2d9e6dbe9adb92ee0b,1280007469
4de7bdfb2271b9ccf4e45565,1307033083
5021a661e4b0aa510404e4eb,1344382561
4ee14816b634bfdd0c2bd5b9,1323386902
4b06d06df964a520b3f022e3,1258737773
5abd702a037be1332893d96c,1522364458
4c0558809a7920a1a581d279,1275418752
4c659d6d87759521d584d94c,1281727853
51d304de498ec2af20de6461,1372783838
4bdb4acac79cc928ce0682e9,1272662730
4c40e1fada3dc928e60fc8b9,1279320570
4b9eba44f964a5200bfd36e3,1268693572
53e16912498e78268d5c080c,1407281426
4cf92de87b44224b9263d305,1291398632
52a7ae41498eed3af4d0a3fa,1386720833
4b2027b5f964a520f82d24e3,1260398517
51b5fe4f498e28cccf75f622,1370881615
59ebff82d0a1496688eb92b0,1508638594
4c69740b8d22c9284d42b745,1281979403
4c15280ea5eb76b0c4d9c2b7,1276454926
4b2a674ef964a52074a824e3,1261070158
5bd0acba911fc4002cb6ac94,1540402362
5cb7b58a9d74680039974a4a,1555543434
5bfd7e7b35d3fc002c8ec0bb,1543339643
4c3f1d0280bc20a1e3e7ab58,1279204610
5bf765b2c5b11c002c1c8fc6,1542940082
4e852875b8038e0e577b2148,1317349493
4b8c0e16f964a52026bb32e3,1267469846
4b7ad983f964a520c3402fe3,1266342275
4afc541df964a5209b2122e3,1258050589
4c22b6a613c00f47c60488de,1277343398
4b88b912f964a520990a32e3,1267251474
571400ac498e7956dba7a960,1460928684
4e3201b518387ab7fc50f248,1311900085
4c368bf12c8020a1a19d8700,1278643185
5137cd7de4b011df3fcf0ca0,1362611581
4b1b0898f964a520cdf623e3,1260062872
4cc45369be40a35d26c87d4c,1287934825
58ab6f3eea29b818ab66cb3e,1487630142
4bb67a0cef159c740f0676f7,1270249996
4bb7dee07421a5933632c140,1270341344
51ab8293498e042d1c8e1fe9,1370194579
4b4fa8d4f964a5209b0f27e3,1263511764
4c50affa250dd13a7229fa7b,1280356346
50edac02e4b0e1334a03b90f,1357753346
4b7337def964a5208da22de3,1265842142
4d82a54799b78cfa3be78f1f,1300407623
55dded07498eecf46ed3e0d9,1440607495
4d42f91b714a224bc424e9e8,1296234779
4b647619f964a5200cb52ae3,1264875033
4b6475aef964a520eab42ae3,1264874926
4c7ef047171b224b9d800fb1,1283387463
59cd686989e4900f9acc110b,1506633833
4d1124c599b78cfa529fc7d5,1292969157
5cfd753761f070002c4536d0,1560114487
53ece74a498edc23fc8556f9,1408034634
57586fad498efbef8ba7dbfa,1465413549
5686e799498e2901b6d438f1,1451681689
4c4e07839932e21ef3141ccd,1280182147
5532ead9498e3cd7914f75ee,1429400281
55a1a69f498eb3b28e4fc980,1436657311
4fef85e4e4b053eae10e5b3d,1341097444
4c81cc8e47cc224b9843809f,1283574926
587ccd1fc7ec6b7a1e3e3d8b,1484573983
5989dd910ff4f91c112619af,1502207377
4bd22c63b221c9b6271fd7d0,1272065123
543cb4f5498ee8034fabc321,1413264629
4b421f7cf964a52025cd25e3,1262624636
53b04137498ec5c3188e2f4d,1404059959
4bfd5768b68d0f4721a0e857,1274894184
4c4e8249ea24c9b6b953c115,1280213577
4c9e81e6542b224b7eecf49f,1285456358
522d27fe498e3f228630d647,1378691070
4b5cd1a8f964a5209b4529e3,1264374184
5bba477c2bf29b002d45cdc7,1538934652
5ba415fe8496ca002c593a44,1537480190
4f033bd97bebcb40fdb3e554,1325611993
5301307a498e7981bebeb803,1392586874
4c0d2e1c98102d7f9cc9e106,1275932188
4e1a034518a8166f739bee47,1310327621
5a2458fbfd16bb353b52dd82,1512331515
598e1a5ea87921282a5a0665,1502485086
5269be82498e1cf7de5d5dd4,1382661762
50b92f94e4b06d86d8eace2f,1354313620
56687d75498e567aa20d2725,1449688437
4e543c15d22dad218dfad98c,1314143253
4d74693f6820ba7a77ff3dfe,1299474751
4f84d677e4b0657ba73335a5,1334105719
4b647693f964a52038b52ae3,1264875155
5062dfc2e4b0857a7ef2dc38,1348657090
4d0d035a903d37042c51c155,1292698458
4cf6fff6b9792d434e835595,1291255798
4af2153ef964a520c3e521e3,1257379134
50d3490be4b04a7375a4c032,1356024075
4b62563df964a52004432ae3,1264735805
4b86bc5ef964a520c49931e3,1267121246
5977749c3731ee4584eafea0,1501000860
4eeb9f7d0039490c7d4562ea,1324064637
4b2d6bcaf964a5204ed624e3,1261267914
4be303c52fc7d13ae879083a,1273168837
4aef7cb8f964a520ccd821e3,1257209016
5a1a09cc6e465009cd63d2c4,1511655884
4dc59024d164eb9c9ff28d6d,1304793124
4c4087aeff711b8d347e1005,1279297454
4baa46def964a520485a3ae3,1269450462
4c6dd562c5243704657a29eb,1282266466
4bb74fea1344b7136f8e9e04,1270304746
5647afde498e42030b40c86d,1447538654
53925ee0498e8a555acfaea8,1402101472
51d84f68498e20fcf16c13d9,1373130600
564fbc10498e317227340ab1,1448066064
4ada4005f964a520862021e3,1255817221
5185d7ac498e3b8c7c135fd8,1367725996
4b340703f964a5200d2425e3,1261700867
4b71ede3f964a520cd642de3,1265757667
56733426498efe70b8ee0295,1450390566
4ae71b0cf964a52078a821e3,1256659724
5609bb69498e05a9971f1711,1443478377
4afc5018f964a520722122e3,1258049560
4cdc8e53d4ecb1f7843c8048,1289522771
4bd0bbd5462cb713dcf7d807,1271970773
4c560b9b61b5ef3b6b4fda42,1280707483
545b0132498e7b0eeade5ada,1415250226
4fd3ea3ee4b0191b9c2b1aff,1339288126
4adb5472f964a520fc2521e3,1255887986
4ae29812f964a520288f21e3,1256364050
4b119787f964a520188023e3,1259444103
4ada4857f964a520df2021e3,1255819351
4b7a2089f964a520e2232fe3,1266294921
4ae74cfaf964a5202eaa21e3,1256672506
4ddbe8697d8b771c0b09b885,1306257513
4b074bb1f964a52077fb22e3,1258769329
4b772c00f964a52097842ee3,1266101248
4ba573a5f964a5207c0839e3,1269134245
52f8328b498ee5ec85225d9b,1391997579
4b93fd98f964a520835f34e3,1267989912
4b483433f964a5200b4a26e3,1263023155
4c255aefdb5195219a2c2c3a,1277516527
4b287167f964a520659324e3,1260941671
4b266f05f964a520657b24e3,1260809989
4b61d1a2f964a520f3242ae3,1264701858
4d06c1ccc2e53704428cc567,1292288460
4ae3ab5ef964a520fa9721e3,1256434526
4b622bf1f964a5200b3a2ae3,1264724977
4b072e9df964a52009f922e3,1258761885
4adb62a5f964a520c62621e3,1255891621
4ae7710bf964a52057ab21e3,1256681739
50529100e4b07f06391e0543,1347588352
5c33c7cd8194fc002c66f72e,1546897357
5b3ffdf166f3cd002c129df1,1530920433
4c98e1be2778224b94f8a768,1285087678
51b604a0498e2384782ee1ef,1370883232
54396b5b498e1b6b7d65a3d8,1413049179
4e0bd60418a83181d4251ff8,1309398532
4ba00db0f964a520075637e3,1268780464
51e88a7a498e1855cf1e9129,1374194298
4bc95b3268f976b0014d5d83,1271487282
4ec86b7de300719916476310,1321757565
516f4ffde4b0d649deda4674,1366249469
590d1f68f00a703cb8b61e18,1494032232
575464d0498ea1e3a85b6aa6,1465148624
4b4ca95cf964a52065b926e3,1263315292
56e35276cd10440089cf0d8f,1457738358
59fb6250603d2a17c4fbf9b6,1509646928
4b7716a9f964a520297c2ee3,1266095785
565a38df498ea8fe5920979c,1448753375
53b990f2498ef8731fee87b3,1404670194
53b863cc498e06cf1e68fe5e,1404593100
4b607dbdf964a5206be929e3,1264614845
5aedfcb5029a55002c4fbf21,1525546165
4b736797f964a520e0ac2de3,1265854359
588541549343e011e4a22fbb,1485128020
4e6f9bced4c06eaf9c42b60f,1315937230
517c341ee4b0347e1f4f375d,1367094302
4dacc7855da32d679da9ee55,1303168901
4c8d09a6cf3ea143c078fa51,1284311462
4d4daeac9ee1370408f4868b,1296936620
4e1e57cb81dc007d23f27b9b,1310611403
539dc3dd498e6ead0c742045,1402848221
4fff60e0e4b03c981013913b,1342136544
4b2677d0f964a520f37b24e3,1260812240
52921e1911d20de918efdb0a,1385307673
4b536565f964a520bc9a27e3,1263756645
4bb6338c1344b7131d229d04,1270231948
4c08468d6071a593250edc32,1275610765
4bf80e7e5efe2d7f36016a34,1274547838
536fac9d11d2034c97a3db0f,1399827613
5995f683123a1921c3a2a898,1503000195
4e454480b3ade6a561eee298,1313162368
4bdccc1f3904a5930ad24f9e,1272761375
4e90cf9ab8f79f71dea8889d,1318113178
4dbf450b43a147cd6ebd843a,1304380683
4d449ebd14aa8cfa82fb683d,1296342717
4bf01d51d4f70f47077a390f,1274027345
4eee2f76be7b6d620162654e,1324232566
4bb7d55f98c7ef3b3e723002,1270338911
53545e6f498eb7e88dcc18a0,1398038127
4de19d272271bfb84488d407,1306631463
57243b9d498ee93a26c844b5,1461992349
55906979498ef8e4061c8fa3,1435527545
4b8df09ff964a520fd1333e3,1267593375
4c9d3b7c0e9bb1f77964db5f,1285372796
4b69b043f964a520afad2be3,1265217603
5158794be4b064814cb56d98,1364752715
52c88ab711d22e372f645af6,1388874423
548b8fad498ed1c276513839,1418432429
4d97a20da2c65481a5a7de53,1301783053
4ae7757df964a52082ab21e3,1256682877
4b6e23baf964a52030ad2ce3,1265509306
4d9bad1cafc2a1cddad505c2,1302048028
4fd29088e4b0b20a904a17da,1339199624
4bc9de2b0687ef3b719fdacc,1271520811
4bca992068f976b017d35f83,1271568672
553c2ae7498e53f7c3086919,1430006503
4b3e8e54f964a520e19e25e3,1262390868
4bd38cd8caff95213d3ed5f0,1272155352
4c792e4981bca093af5efc14,1283010121
512ea723e4b09363a3263223,1362011939
56b54850498ef52f7ceac9e9,1454721104
5b80a8eea2c00b002c0b2244,1535158510
4e126755b61c637b97b67af4,1309828949
